Date,20 Yr,30 Yr
12/31/2021,1.94,1.9
12/30/2021,1.97,1.93
12/29/2021,2,1.96
12/28/2021,1.94,1.9
12/27/2021,1.92,1.88
12/23/2021,1.94,1.91
12/22/2021,1.89,1.86
12/21/2021,1.92,1.89
12/20/2021,1.9,1.85
12/17/2021,1.87,1.82
12/16/2021,1.91,1.87
12/15/2021,1.91,1.86
12/14/2021,1.87,1.82
12/13/2021,1.86,1.81
12/10/2021,1.91,1.88
12/9/2021,1.91,1.87
12/8/2021,1.93,1.87
12/7/2021,1.88,1.8
12/6/2021,1.84,1.75
12/3/2021,1.77,1.69
12/2/2021,1.87,1.76
12/1/2021,1.84,1.77
11/30/2021,1.85,1.78
11/29/2021,1.93,1.87
11/26/2021,1.89,1.83
11/24/2021,2.03,1.96
11/23/2021,2.08,2.02
11/22/2021,2.03,1.98
11/19/2021,1.95,1.91
11/18/2021,2.01,1.97
11/17/2021,2.04,2
11/16/2021,2.06,2.02
11/15/2021,2.05,2.01
11/12/2021,1.99,1.95
11/10/2021,1.96,1.92
11/9/2021,1.86,1.83
11/8/2021,1.91,1.89
11/5/2021,1.88,1.87
11/4/2021,1.96,1.96
11/3/2021,2.01,2
11/2/2021,1.97,1.96
11/1/2021,2.01,1.98
10/29/2021,1.98,1.93
10/28/2021,1.98,1.96
10/27/2021,1.93,1.95
10/26/2021,2.03,2.05
10/25/2021,2.07,2.09
10/22/2021,2.06,2.08
10/21/2021,2.1,2.13
10/20/2021,2.09,2.12
10/19/2021,2.07,2.09
10/18/2021,1.99,2.01
10/15/2021,2.02,2.05
10/14/2021,1.97,2.02
10/13/2021,2,2.05
10/12/2021,2.05,2.1
10/8/2021,2.11,2.16
10/7/2021,2.08,2.13
10/6/2021,2.02,2.08
10/5/2021,2.04,2.1
10/4/2021,1.99,2.05
10/1/2021,1.99,2.04
9/30/2021,2.02,2.08
9/29/2021,2.04,2.09
9/28/2021,2.02,2.07
9/27/2021,1.95,1.99
9/24/2021,1.94,1.99
9/23/2021,1.87,1.92
9/22/2021,1.78,1.84
9/21/2021,1.81,1.86
9/20/2021,1.79,1.85
9/17/2021,1.85,1.91
9/16/2021,1.83,1.88
9/15/2021,1.8,1.87
9/14/2021,1.78,1.85
9/13/2021,1.83,1.91
9/10/2021,1.86,1.94
9/9/2021,1.83,1.9
9/8/2021,1.88,1.95
9/7/2021,1.91,1.99
9/3/2021,1.87,1.94
9/2/2021,1.83,1.9
9/1/2021,1.84,1.92
8/31/2021,1.85,1.92
8/30/2021,1.82,1.9
8/27/2021,1.84,1.91
8/26/2021,1.87,1.94
8/25/2021,1.88,1.96
8/24/2021,1.83,1.91
8/23/2021,1.79,1.87
8/20/2021,1.79,1.87
8/19/2021,1.8,1.88
8/18/2021,1.84,1.91
8/17/2021,1.82,1.92
8/16/2021,1.82,1.92
8/13/2021,1.85,1.94
8/12/2021,1.92,2.03
8/11/2021,1.9,1.99
8/10/2021,1.9,1.99
8/9/2021,1.87,1.96
8/6/2021,1.85,1.94
8/5/2021,1.77,1.86
8/4/2021,1.74,1.83
8/3/2021,1.76,1.85
8/2/2021,1.77,1.86
7/30/2021,1.81,1.89
7/29/2021,1.84,1.91
7/28/2021,1.83,1.9
7/27/2021,1.81,1.89
7/26/2021,1.85,1.93
7/23/2021,1.85,1.92
7/22/2021,1.82,1.9
7/21/2021,1.87,1.94
7/20/2021,1.79,1.88
7/19/2021,1.74,1.81
7/16/2021,1.86,1.93
7/15/2021,1.85,1.92
7/14/2021,1.91,1.98
7/13/2021,1.96,2.04
7/12/2021,1.93,2
7/9/2021,1.91,1.99
7/8/2021,1.84,1.91
7/7/2021,1.87,1.94
7/6/2021,1.92,2
7/2/2021,1.98,2.05
7/1/2021,2.01,2.07
6/30/2021,2,2.06
6/29/2021,2.03,2.1
6/28/2021,2.04,2.1
6/25/2021,2.09,2.16
6/24/2021,2.03,2.1
6/23/2021,2.04,2.11
6/22/2021,2.03,2.1
6/21/2021,2.05,2.11
6/18/2021,1.97,2.01
6/17/2021,2.05,2.11
6/16/2021,2.13,2.2
6/15/2021,2.12,2.2
6/14/2021,2.12,2.19
6/11/2021,2.08,2.15
6/10/2021,2.07,2.15
6/9/2021,2.1,2.17
6/8/2021,2.13,2.21
6/7/2021,2.17,2.25
6/4/2021,2.16,2.24
6/3/2021,2.22,2.3
6/2/2021,2.21,2.28
6/1/2021,2.22,2.3
5/28/2021,2.18,2.26
5/27/2021,2.2,2.29
5/26/2021,2.17,2.27
5/25/2021,2.16,2.26
5/24/2021,2.22,2.31
5/21/2021,2.24,2.33
5/20/2021,2.25,2.34
5/19/2021,2.3,2.38
5/18/2021,2.27,2.37
5/17/2021,2.27,2.36
5/14/2021,2.25,2.35
5/13/2021,2.28,2.39
5/12/2021,2.29,2.4
5/11/2021,2.23,2.35
5/10/2021,2.2,2.32
5/7/2021,2.17,2.28
5/6/2021,2.14,2.24
5/5/2021,2.14,2.25
5/4/2021,2.16,2.27
5/3/2021,2.18,2.3
4/30/2021,2.19,2.3
4/29/2021,2.2,2.31
4/28/2021,2.19,2.29
4/27/2021,2.18,2.29
4/26/2021,2.13,2.24
4/23/2021,2.14,2.25
4/22/2021,2.13,2.24
4/21/2021,2.16,2.26
4/20/2021,2.16,2.27
4/19/2021,2.18,2.29
4/16/2021,2.15,2.26
4/15/2021,2.13,2.23
4/14/2021,2.22,2.32
4/13/2021,2.21,2.32
4/12/2021,2.24,2.34
4/9/2021,2.23,2.34
4/8/2021,2.22,2.32
4/7/2021,2.26,2.35
4/6/2021,2.24,2.32
4/5/2021,2.28,2.36
4/2/2021,2.27,2.35
4/1/2021,2.24,2.34
3/31/2021,2.31,2.41
3/30/2021,2.29,2.38
3/29/2021,2.32,2.43
3/26/2021,2.27,2.37
3/25/2021,2.24,2.34
3/24/2021,2.21,2.31
3/23/2021,2.24,2.34
3/22/2021,2.29,2.38
3/19/2021,2.36,2.45
3/18/2021,2.36,2.45
3/17/2021,2.32,2.42
3/16/2021,2.3,2.38
3/15/2021,2.27,2.37
3/12/2021,2.31,2.4
3/11/2021,2.18,2.29
3/10/2021,2.15,2.24
3/9/2021,2.16,2.26
3/8/2021,2.2,2.31
3/5/2021,2.18,2.28
3/4/2021,2.18,2.3
3/3/2021,2.12,2.25
3/2/2021,2.09,2.21
3/1/2021,2.11,2.23
2/26/2021,2.08,2.17
2/25/2021,2.25,2.33
2/24/2021,2.07,2.24
2/23/2021,2.03,2.21
2/22/2021,2.02,2.19
2/19/2021,1.98,2.14
2/18/2021,1.91,2.08
2/17/2021,1.92,2.06
2/16/2021,1.92,2.08
2/12/2021,1.83,2.01
2/11/2021,1.77,1.94
2/10/2021,1.75,1.92
2/9/2021,1.78,1.95
2/8/2021,1.78,1.96
2/5/2021,1.79,1.97
2/4/2021,1.75,1.93
2/3/2021,1.73,1.92
2/2/2021,1.69,1.87
2/1/2021,1.66,1.84
1/29/2021,1.68,1.87
1/28/2021,1.63,1.81
1/27/2021,1.6,1.79
1/26/2021,1.61,1.8
1/25/2021,1.61,1.8
1/22/2021,1.66,1.85
1/21/2021,1.68,1.87
1/20/2021,1.65,1.84
1/19/2021,1.65,1.84
1/15/2021,1.66,1.85
1/14/2021,1.69,1.88
1/13/2021,1.63,1.82
1/12/2021,1.68,1.88
1/11/2021,1.68,1.88
1/8/2021,1.67,1.87
1/7/2021,1.64,1.85
1/6/2021,1.6,1.81
1/5/2021,1.49,1.7
1/4/2021,1.46,1.66
12/31/2020,1.45,1.65
12/30/2020,1.46,1.66
12/29/2020,1.47,1.67
12/28/2020,1.46,1.67
12/24/2020,1.46,1.66
12/23/2020,1.49,1.7
12/22/2020,1.45,1.65
12/21/2020,1.48,1.68
12/18/2020,1.49,1.7
12/17/2020,1.47,1.68
12/16/2020,1.46,1.66
12/15/2020,1.45,1.65
12/14/2020,1.43,1.63
12/11/2020,1.42,1.63
12/10/2020,1.44,1.65
12/9/2020,1.48,1.69
12/8/2020,1.46,1.67
12/7/2020,1.49,1.69
12/4/2020,1.53,1.73
12/3/2020,1.46,1.67
12/2/2020,1.5,1.7
12/1/2020,1.46,1.66
11/30/2020,1.37,1.58
11/27/2020,1.36,1.57
11/25/2020,1.41,1.62
11/24/2020,1.4,1.6
11/23/2020,1.36,1.56
11/20/2020,1.33,1.53
11/19/2020,1.38,1.58
11/18/2020,1.42,1.62
11/17/2020,1.4,1.62
11/16/2020,1.44,1.66
11/13/2020,1.43,1.65
11/12/2020,1.42,1.64
11/10/2020,1.53,1.75
11/9/2020,1.51,1.73
11/6/2020,1.37,1.6
11/5/2020,1.32,1.54
11/4/2020,1.33,1.55
11/3/2020,1.44,1.66
11/2/2020,1.41,1.63
10/30/2020,1.43,1.65
10/29/2020,1.39,1.62
10/28/2020,1.34,1.56
10/27/2020,1.34,1.57
10/26/2020,1.37,1.59
10/23/2020,1.41,1.64
10/22/2020,1.43,1.67
10/21/2020,1.4,1.62
10/20/2020,1.37,1.6
10/19/2020,1.32,1.55
10/16/2020,1.3,1.52
10/15/2020,1.29,1.52
10/14/2020,1.28,1.5
10/13/2020,1.29,1.52
10/9/2020,1.34,1.58
10/8/2020,1.34,1.57
10/7/2020,1.37,1.6
10/6/2020,1.33,1.56
10/5/2020,1.34,1.57
10/2/2020,1.25,1.48
10/1/2020,1.23,1.45
9/30/2020,1.23,1.46
9/29/2020,1.19,1.41
9/28/2020,1.2,1.42
9/25/2020,1.19,1.4
9/24/2020,1.19,1.4
9/23/2020,1.21,1.42
9/22/2020,1.21,1.42
9/21/2020,1.22,1.43
9/18/2020,1.24,1.45
9/17/2020,1.22,1.43
9/16/2020,1.23,1.45
9/15/2020,1.21,1.43
9/14/2020,1.21,1.42
9/11/2020,1.21,1.42
9/10/2020,1.22,1.43
9/9/2020,1.25,1.45
9/8/2020,1.22,1.43
9/4/2020,1.25,1.46
9/3/2020,1.13,1.34
9/2/2020,1.16,1.38
9/1/2020,1.2,1.43
8/31/2020,1.26,1.49
8/28/2020,1.29,1.52
8/27/2020,1.28,1.5
8/26/2020,1.2,1.41
8/25/2020,1.18,1.39
8/24/2020,1.14,1.35
8/21/2020,1.13,1.35
8/20/2020,1.15,1.38
8/19/2020,1.2,1.42
8/18/2020,1.16,1.4
8/17/2020,1.19,1.43
8/14/2020,1.21,1.45
8/13/2020,1.2,1.42
8/12/2020,1.15,1.37
8/11/2020,1.1,1.32
8/10/2020,1.04,1.25
8/7/2020,1.01,1.23
8/6/2020,0.98,1.2
8/5/2020,1,1.22
8/4/2020,0.96,1.19
8/3/2020,1.01,1.23
7/31/2020,0.98,1.2
7/30/2020,0.98,1.2
7/29/2020,1.03,1.24
7/28/2020,1.01,1.22
7/27/2020,1.05,1.25
7/24/2020,1.03,1.23
7/23/2020,1.03,1.24
7/22/2020,1.08,1.29
7/21/2020,1.09,1.31
7/20/2020,1.1,1.32
7/17/2020,1.11,1.33
7/16/2020,1.09,1.31
7/15/2020,1.11,1.33
7/14/2020,1.09,1.3
7/13/2020,1.11,1.33
7/10/2020,1.12,1.33
7/9/2020,1.09,1.32
7/8/2020,1.16,1.39
7/7/2020,1.15,1.38
7/6/2020,1.21,1.45
7/2/2020,1.2,1.43
7/1/2020,1.2,1.43
6/30/2020,1.18,1.41
6/29/2020,1.16,1.39
6/26/2020,1.15,1.37
6/25/2020,1.2,1.43
6/24/2020,1.21,1.44
6/23/2020,1.25,1.49
6/22/2020,1.23,1.46
6/19/2020,1.23,1.47
6/18/2020,1.24,1.47
6/17/2020,1.3,1.52
6/16/2020,1.31,1.54
6/15/2020,1.24,1.45
6/12/2020,1.24,1.45
6/11/2020,1.19,1.41
6/10/2020,1.31,1.53
6/9/2020,1.37,1.59
6/8/2020,1.43,1.65
6/5/2020,1.46,1.68
6/4/2020,1.38,1.61
6/3/2020,1.32,1.56
6/2/2020,1.24,1.48
6/1/2020,1.22,1.46
5/29/2020,1.18,1.41
5/28/2020,1.23,1.47
5/27/2020,1.19,1.44
5/26/2020,1.19,1.43
5/22/2020,1.12,1.37
5/21/2020,1.16,1.4
5/20/2020,1.19,1.4
5/19/2020,1.15,1.43
5/18/2020,1.17,1.44
5/15/2020,1.05,1.32
5/14/2020,1.03,1.3
5/13/2020,1.07,1.35
5/12/2020,1.11,1.38
5/11/2020,1.16,1.43
5/8/2020,1.12,1.39
5/7/2020,1.05,1.31
5/6/2020,1.16,1.41
5/5/2020,1.07,1.32
5/4/2020,1.05,1.29
5/1/2020,1.04,1.27
4/30/2020,1.05,1.28
4/29/2020,1.02,1.24
4/28/2020,1,1.2
4/27/2020,1.06,1.25
4/24/2020,0.98,1.17
4/23/2020,0.99,1.18
4/22/2020,1.03,1.22
4/21/2020,0.98,1.17
4/20/2020,1.04,1.23
4/17/2020,1.08,1.27
4/16/2020,1.01,1.21
4/15/2020,1.06,1.27
4/14/2020,1.19,1.41
4/13/2020,1.19,1.39
4/9/2020,1.15,1.35
4/8/2020,1.18,1.37
4/7/2020,1.13,1.32
4/6/2020,1.08,1.27
4/3/2020,1.05,1.24
4/2/2020,1.04,1.26
4/1/2020,1.04,1.27
3/31/2020,1.15,1.35
3/30/2020,1.1,1.31
3/27/2020,1.09,1.29
3/26/2020,1.2,1.42
3/25/2020,1.23,1.45
3/24/2020,1.19,1.39
3/23/2020,1.12,1.33
3/20/2020,1.35,1.55
3/19/2020,1.56,1.78
3/18/2020,1.6,1.77
3/17/2020,1.45,1.63
3/16/2020,1.1,1.34
3/13/2020,1.31,1.56
3/12/2020,1.27,1.49
3/11/2020,1.13,1.3
3/10/2020,1.16,1.28
3/9/2020,0.87,0.99
3/6/2020,1.09,1.25
3/5/2020,1.34,1.56
3/4/2020,1.45,1.67
3/3/2020,1.44,1.64
3/2/2020,1.46,1.66
2/28/2020,1.46,1.65
2/27/2020,1.61,1.79
2/26/2020,1.64,1.81
2/25/2020,1.63,1.8
2/24/2020,1.68,1.84
2/21/2020,1.75,1.9
2/20/2020,1.81,1.97
2/19/2020,1.86,2.01
2/18/2020,1.85,2
2/14/2020,1.89,2.04
2/13/2020,1.91,2.07
2/12/2020,1.93,2.09
2/11/2020,1.89,2.05
2/10/2020,1.87,2.03
2/7/2020,1.89,2.05
2/6/2020,1.94,2.11
2/5/2020,1.97,2.14
2/4/2020,1.91,2.08
2/3/2020,1.84,2.01
1/31/2020,1.83,1.99
1/30/2020,1.88,2.04
1/29/2020,1.89,2.05
1/28/2020,1.95,2.1
1/27/2020,1.91,2.05
1/24/2020,2,2.14
1/23/2020,2.03,2.18
1/22/2020,2.07,2.22
1/21/2020,2.1,2.23
1/17/2020,2.16,2.29
1/16/2020,2.11,2.26
1/15/2020,2.09,2.23
1/14/2020,2.12,2.27
1/13/2020,2.16,2.3
1/10/2020,2.14,2.28
1/9/2020,2.17,2.38
1/8/2020,2.21,2.35
1/7/2020,2.16,2.31
1/6/2020,2.13,2.28
1/3/2020,2.11,2.26
1/2/2020,2.19,2.33
12/31/2019,2.25,2.39
12/30/2019,2.21,2.34
12/27/2019,2.18,2.32
12/26/2019,2.19,2.33
12/24/2019,2.2,2.33
12/23/2019,2.22,2.35
12/20/2019,2.21,2.34
12/19/2019,2.21,2.35
12/18/2019,2.22,2.35
12/17/2019,2.18,2.31
12/16/2019,2.17,2.3
12/13/2019,2.11,2.26
12/12/2019,2.18,2.32
12/11/2019,2.08,2.23
12/10/2019,2.12,2.26
12/9/2019,2.13,2.27
12/6/2019,2.14,2.29
12/5/2019,2.11,2.24
12/4/2019,2.08,2.22
12/3/2019,2.03,2.17
12/2/2019,2.15,2.28
11/29/2019,2.07,2.21
11/27/2019,2.06,2.19
11/26/2019,2.04,2.18
11/25/2019,2.07,2.21
11/22/2019,2.08,2.22
11/21/2019,2.09,2.24
11/20/2019,2.05,2.2
11/19/2019,2.11,2.26
11/18/2019,2.14,2.3
11/15/2019,2.16,2.31
11/14/2019,2.15,2.31
11/13/2019,2.2,2.36
11/12/2019,2.24,2.39
11/8/2019,2.27,2.43
11/7/2019,2.24,2.4
11/6/2019,2.13,2.3
11/5/2019,2.17,2.34
11/4/2019,2.1,2.27
11/1/2019,2.03,2.21
10/31/2019,2,2.17
10/30/2019,2.08,2.26
10/29/2019,2.15,2.33
10/28/2019,2.16,2.34
10/25/2019,2.1,2.29
10/24/2019,2.08,2.26
10/23/2019,2.06,2.25
10/22/2019,2.07,2.26
10/21/2019,2.1,2.28
10/18/2019,2.06,2.25
10/17/2019,2.05,2.24
10/16/2019,2.05,2.23
10/15/2019,2.06,2.23
10/11/2019,2.04,2.22
10/10/2019,1.96,2.16
10/9/2019,1.88,2.08
10/8/2019,1.84,2.04
10/7/2019,1.85,2.05
10/4/2019,1.81,2.01
10/3/2019,1.85,2.04
10/2/2019,1.9,2.09
10/1/2019,1.93,2.11
9/30/2019,1.94,2.12
9/27/2019,1.95,2.13
9/26/2019,1.96,2.15
9/25/2019,1.99,2.18
9/24/2019,1.91,2.09
9/23/2019,1.98,2.16
9/20/2019,1.99,2.17
9/19/2019,2.04,2.22
9/18/2019,2.06,2.25
9/17/2019,2.08,2.27
9/16/2019,2.11,2.31
9/13/2019,2.17,2.37
9/12/2019,2.06,2.22
9/11/2019,2.02,2.22
9/10/2019,2,2.19
9/9/2019,1.91,2.11
9/6/2019,1.83,2.02
9/5/2019,1.86,2.06
9/4/2019,1.77,1.97
9/3/2019,1.77,1.95
8/30/2019,1.78,1.96
8/29/2019,1.78,1.97
8/28/2019,1.76,1.94
8/27/2019,1.77,1.97
8/26/2019,1.84,2.04
8/23/2019,1.82,2.02
8/22/2019,1.9,2.11
8/21/2019,1.87,2.07
8/20/2019,1.84,2.04
8/19/2019,1.88,2.08
8/16/2019,1.82,2.01
8/15/2019,1.8,1.98
8/14/2019,1.84,2.03
8/13/2019,1.94,2.15
8/12/2019,1.92,2.14
8/9/2019,2.03,2.26
8/8/2019,2.02,2.25
8/7/2019,2.01,2.22
8/6/2019,2.03,2.25
8/5/2019,2.07,2.3
8/2/2019,2.16,2.39
8/1/2019,2.21,2.44
7/31/2019,2.31,2.53
7/30/2019,2.36,2.58
7/29/2019,2.37,2.59
7/26/2019,2.38,2.59
7/25/2019,2.38,2.6
7/24/2019,2.36,2.58
7/23/2019,2.38,2.61
7/22/2019,2.36,2.58
7/19/2019,2.35,2.57
7/18/2019,2.34,2.56
7/17/2019,2.35,2.57
7/16/2019,2.42,2.63
7/15/2019,2.39,2.61
7/12/2019,2.42,2.64
7/11/2019,2.42,2.65
7/10/2019,2.36,2.57
7/9/2019,2.34,2.54
7/8/2019,2.32,2.53
7/5/2019,2.34,2.54
7/3/2019,2.25,2.47
7/2/2019,2.29,2.51
7/1/2019,2.34,2.55
6/28/2019,2.31,2.52
6/27/2019,2.31,2.52
6/26/2019,2.35,2.57
6/25/2019,2.31,2.53
6/24/2019,2.33,2.55
6/21/2019,2.37,2.59
6/20/2019,2.31,2.53
6/19/2019,2.32,2.54
6/18/2019,2.34,2.55
6/17/2019,2.37,2.58
6/14/2019,2.38,2.59
6/13/2019,2.39,2.61
6/12/2019,2.41,2.62
6/11/2019,2.42,2.62
6/10/2019,2.42,2.62
6/7/2019,2.36,2.57
6/6/2019,2.42,2.62
6/5/2019,2.42,2.63
6/4/2019,2.41,2.6
6/3/2019,2.34,2.53
5/31/2019,2.39,2.58
5/30/2019,2.46,2.65
5/29/2019,2.5,2.69
5/28/2019,2.52,2.7
5/24/2019,2.57,2.75
5/23/2019,2.56,2.75
5/22/2019,2.64,2.82
5/21/2019,2.67,2.84
5/20/2019,2.65,2.83
5/17/2019,2.63,2.82
5/16/2019,2.65,2.84
5/15/2019,2.63,2.82
5/14/2019,2.67,2.86
5/13/2019,2.65,2.83
5/10/2019,2.7,2.89
5/9/2019,2.69,2.87
5/8/2019,2.71,2.89
5/7/2019,2.68,2.86
5/6/2019,2.73,2.91
5/3/2019,2.75,2.93
5/2/2019,2.77,2.94
5/1/2019,2.74,2.92
4/30/2019,2.75,2.93
4/29/2019,2.78,2.96
4/26/2019,2.74,2.92
4/25/2019,2.76,2.94
4/24/2019,2.76,2.94
4/23/2019,2.81,2.98
4/22/2019,2.82,2.99
4/18/2019,2.78,2.96
4/17/2019,2.81,2.99
4/16/2019,2.81,2.99
4/15/2019,2.77,2.96
4/12/2019,2.78,2.97
4/11/2019,2.74,2.94
4/10/2019,2.71,2.9
4/9/2019,2.73,2.92
4/8/2019,2.74,2.93
4/5/2019,2.72,2.91
4/4/2019,2.74,2.92
4/3/2019,2.75,2.93
4/2/2019,2.7,2.88
4/1/2019,2.71,2.89
3/29/2019,2.63,2.81
3/28/2019,2.62,2.81
3/27/2019,2.63,2.83
3/26/2019,2.67,2.86
3/25/2019,2.68,2.87
3/22/2019,2.69,2.88
3/21/2019,2.78,2.96
3/20/2019,2.79,2.98
3/19/2019,2.84,3.02
3/18/2019,2.83,3.01
3/15/2019,2.83,3.02
3/14/2019,2.86,3.04
3/13/2019,2.82,3.02
3/12/2019,2.82,3
3/11/2019,2.86,3.03
3/8/2019,2.83,3
3/7/2019,2.86,3.03
3/6/2019,2.9,3.06
3/5/2019,2.93,3.08
3/4/2019,2.93,3.09
3/1/2019,2.97,3.13
2/28/2019,2.94,3.09
2/27/2019,2.91,3.07
2/26/2019,2.84,3.01
2/25/2019,2.87,3.03
2/22/2019,2.86,3.02
2/21/2019,2.89,3.05
2/20/2019,2.84,3
2/19/2019,2.84,2.99
2/15/2019,2.84,3
2/14/2019,2.85,3.01
2/13/2019,2.89,3.04
2/12/2019,2.87,3.02
2/11/2019,2.85,3
2/8/2019,2.82,2.97
2/7/2019,2.85,3
2/6/2019,2.88,3.03
2/5/2019,2.89,3.03
2/4/2019,2.92,3.06
2/1/2019,2.88,3.03
1/31/2019,2.83,2.99
1/30/2019,2.9,3.06
1/29/2019,2.9,3.04
1/28/2019,2.92,3.06
1/25/2019,2.92,3.06
1/24/2019,2.89,3.04
1/23/2019,2.93,3.07
1/22/2019,2.91,3.06
1/18/2019,2.95,3.09
1/17/2019,2.93,3.07
1/16/2019,2.92,3.07
1/15/2019,2.92,3.08
1/14/2019,2.91,3.06
1/11/2019,2.9,3.04
1/10/2019,2.92,3.06
1/9/2019,2.9,3.03
1/8/2019,2.88,3
1/7/2019,2.86,2.99
1/4/2019,2.83,2.98
1/3/2019,2.75,2.92
1/2/2019,2.83,2.97
12/6/2024,4.42,4.34
12/5/2024,4.43,4.33
12/4/2024,4.45,4.35
12/3/2024,4.5,4.4
12/2/2024,4.46,4.36
11/29/2024,4.45,4.36
11/27/2024,4.52,4.44
11/26/2024,4.56,4.48
11/25/2024,4.53,4.45
11/22/2024,4.67,4.6
11/21/2024,4.68,4.61
11/20/2024,4.66,4.59
11/19/2024,4.66,4.57
11/18/2024,4.7,4.61
11/15/2024,4.7,4.6
11/14/2024,4.69,4.58
11/13/2024,4.73,4.63
11/12/2024,4.7,4.58
11/8/2024,4.58,4.47
11/7/2024,4.62,4.52
11/6/2024,4.71,4.6
11/5/2024,4.55,4.44
11/4/2024,4.6,4.5
11/1/2024,4.68,4.57
10/31/2024,4.58,4.47
10/30/2024,4.6,4.49
10/29/2024,4.61,4.52
10/28/2024,4.61,4.53
10/25/2024,4.58,4.51
10/24/2024,4.54,4.47
10/23/2024,4.58,4.51
10/22/2024,4.55,4.49
10/21/2024,4.54,4.49
10/18/2024,4.44,4.38
10/17/2024,4.44,4.39
10/16/2024,4.36,4.3
10/15/2024,4.37,4.32
10/11/2024,4.44,4.39
10/10/2024,4.44,4.38
10/9/2024,4.41,4.34
10/8/2024,4.38,4.32
10/7/2024,4.37,4.3
10/4/2024,4.33,4.26
10/3/2024,4.24,4.18
10/2/2024,4.19,4.14
10/1/2024,4.14,4.08
9/30/2024,4.19,4.14
9/27/2024,4.15,4.1
9/26/2024,4.17,4.12
9/25/2024,4.18,4.14
9/24/2024,4.13,4.09
9/23/2024,4.12,4.09
9/20/2024,4.1,4.07
9/19/2024,4.11,4.06
9/18/2024,4.08,4.03
9/17/2024,4.02,3.96
9/16/2024,4.01,3.94
9/13/2024,4.05,3.98
9/12/2024,4.07,4
9/11/2024,4.03,3.96
9/10/2024,4.04,3.97
9/9/2024,4.08,4
9/6/2024,4.1,4.03
9/5/2024,4.11,4.02
9/4/2024,4.14,4.06
9/3/2024,4.21,4.13
8/30/2024,4.28,4.2
8/29/2024,4.24,4.15
8/28/2024,4.22,4.13
8/27/2024,4.21,4.13
8/26/2024,4.19,4.11
8/23/2024,4.18,4.1
8/22/2024,4.21,4.13
8/21/2024,4.15,4.06
8/20/2024,4.19,4.07
8/19/2024,4.23,4.11
8/16/2024,4.26,4.15
8/15/2024,4.28,4.18
8/14/2024,4.22,4.12
8/13/2024,4.25,4.16
8/12/2024,4.3,4.19
8/9/2024,4.33,4.23
8/8/2024,4.38,4.28
8/7/2024,4.35,4.26
8/6/2024,4.28,4.18
8/5/2024,4.16,4.06
8/2/2024,4.19,4.11
8/1/2024,4.35,4.27
7/31/2024,4.44,4.35
7/30/2024,4.5,4.4
7/29/2024,4.51,4.42
7/26/2024,4.53,4.45
7/25/2024,4.59,4.5
7/24/2024,4.62,4.54
7/23/2024,4.56,4.48
7/22/2024,4.57,4.48
7/19/2024,4.55,4.45
7/18/2024,4.51,4.41
7/17/2024,4.46,4.37
7/16/2024,4.48,4.38
7/15/2024,4.56,4.46
7/12/2024,4.5,4.39
7/11/2024,4.51,4.41
7/10/2024,4.58,4.47
7/9/2024,4.59,4.49
7/8/2024,4.57,4.46
7/5/2024,4.57,4.47
7/3/2024,4.64,4.53
7/2/2024,4.71,4.6
7/1/2024,4.76,4.64
6/28/2024,4.61,4.51
6/27/2024,4.53,4.43
6/26/2024,4.55,4.45
6/25/2024,4.46,4.36
6/24/2024,4.48,4.38
6/21/2024,4.49,4.39
6/20/2024,4.49,4.39
6/18/2024,4.47,4.36
6/17/2024,4.52,4.4
6/14/2024,4.46,4.34
6/13/2024,4.5,4.4
6/12/2024,4.56,4.47
6/11/2024,4.62,4.53
6/10/2024,4.68,4.59
6/7/2024,4.64,4.55
6/6/2024,4.51,4.43
6/5/2024,4.52,4.44
6/4/2024,4.56,4.48
6/3/2024,4.63,4.55
5/31/2024,4.73,4.65
5/30/2024,4.76,4.69
5/29/2024,4.82,4.74
5/28/2024,4.74,4.66
5/24/2024,4.65,4.57
5/23/2024,4.67,4.58
5/22/2024,4.63,4.55
5/21/2024,4.65,4.55
5/20/2024,4.68,4.58
5/17/2024,4.66,4.56
5/16/2024,4.62,4.52
5/15/2024,4.61,4.52
5/14/2024,4.69,4.59
5/13/2024,4.72,4.63
5/10/2024,4.74,4.64
5/9/2024,4.7,4.6
5/8/2024,4.73,4.64
5/7/2024,4.7,4.61
5/6/2024,4.73,4.64
5/3/2024,4.75,4.66
5/2/2024,4.82,4.72
5/1/2024,4.85,4.74
4/30/2024,4.9,4.79
4/29/2024,4.86,4.75
4/26/2024,4.89,4.78
4/25/2024,4.93,4.82
4/24/2024,4.88,4.78
4/23/2024,4.84,4.73
4/22/2024,4.84,4.72
4/19/2024,4.83,4.72
4/18/2024,4.85,4.74
4/17/2024,4.81,4.71
4/16/2024,4.88,4.77
4/15/2024,4.85,4.74
4/12/2024,4.73,4.61
4/11/2024,4.77,4.65
4/10/2024,4.76,4.64
4/9/2024,4.6,4.5
4/8/2024,4.65,4.55
4/5/2024,4.65,4.54
4/4/2024,4.57,4.47
4/3/2024,4.61,4.51
4/2/2024,4.61,4.51
4/1/2024,4.58,4.47
3/28/2024,4.45,4.34
3/27/2024,4.45,4.36
3/26/2024,4.49,4.4
3/25/2024,4.51,4.42
3/22/2024,4.47,4.39
3/21/2024,4.53,4.44
3/20/2024,4.53,4.45
3/19/2024,4.54,4.44
3/18/2024,4.57,4.46
3/15/2024,4.55,4.43
3/14/2024,4.54,4.44
3/13/2024,4.45,4.35
3/12/2024,4.42,4.31
3/11/2024,4.36,4.26
3/8/2024,4.36,4.26
3/7/2024,4.35,4.25
3/6/2024,4.36,4.24
3/5/2024,4.39,4.27
3/4/2024,4.48,4.36
3/1/2024,4.46,4.33
2/29/2024,4.51,4.38
2/28/2024,4.53,4.4
2/27/2024,4.57,4.44
2/26/2024,4.53,4.4
2/23/2024,4.51,4.37
2/22/2024,4.58,4.47
2/21/2024,4.59,4.49
2/20/2024,4.56,4.44
2/16/2024,4.58,4.45
2/15/2024,4.54,4.42
2/14/2024,4.57,4.45
2/13/2024,4.59,4.46
2/12/2024,4.48,4.37
2/9/2024,4.48,4.37
2/8/2024,4.47,4.36
2/7/2024,4.41,4.31
2/6/2024,4.39,4.29
2/5/2024,4.46,4.35
2/2/2024,4.33,4.22
2/1/2024,4.21,4.1
1/31/2024,4.34,4.22
1/30/2024,4.4,4.28
1/29/2024,4.42,4.31
1/26/2024,4.49,4.38
1/25/2024,4.49,4.38
1/24/2024,4.52,4.41
1/23/2024,4.48,4.38
1/22/2024,4.44,4.32
1/19/2024,4.47,4.36
1/18/2024,4.48,4.37
1/17/2024,4.42,4.31
1/16/2024,4.43,4.3
1/12/2024,4.32,4.2
1/11/2024,4.32,4.18
1/10/2024,4.35,4.2
1/9/2024,4.33,4.18
1/8/2024,4.33,4.17
1/5/2024,4.37,4.21
1/4/2024,4.3,4.13
1/3/2024,4.21,4.05
1/2/2024,4.25,4.08
12/29/2023,4.2,4.03
12/28/2023,4.14,3.98
12/27/2023,4.1,3.95
12/26/2023,4.2,4.04
12/22/2023,4.21,4.05
12/21/2023,4.19,4.03
12/20/2023,4.17,3.98
12/19/2023,4.23,4.03
12/18/2023,4.23,4.05
12/15/2023,4.19,4
12/14/2023,4.21,4.03
12/13/2023,4.36,4.19
12/12/2023,4.48,4.3
12/11/2023,4.51,4.32
12/8/2023,4.49,4.31
12/7/2023,4.42,4.25
12/6/2023,4.4,4.22
12/5/2023,4.48,4.3
12/4/2023,4.61,4.43
12/1/2023,4.58,4.4
11/30/2023,4.72,4.54
11/29/2023,4.62,4.44
11/28/2023,4.7,4.52
11/27/2023,4.72,4.53
11/24/2023,4.79,4.6
11/22/2023,4.73,4.55
11/21/2023,4.75,4.57
11/20/2023,4.74,4.57
11/17/2023,4.8,4.59
11/16/2023,4.82,4.63
11/15/2023,4.87,4.68
11/14/2023,4.8,4.61
11/13/2023,4.95,4.75
11/10/2023,4.93,4.73
11/9/2023,4.97,4.77
11/8/2023,4.82,4.64
11/7/2023,4.91,4.75
11/6/2023,5,4.84
11/3/2023,4.93,4.77
11/2/2023,4.99,4.82
11/1/2023,5.13,4.96
10/31/2023,5.21,5.04
10/30/2023,5.21,5.04
10/27/2023,5.19,5.03
10/26/2023,5.19,5.01
10/25/2023,5.27,5.09
10/24/2023,5.15,4.96
10/23/2023,5.19,5.01
10/20/2023,5.27,5.09
10/19/2023,5.3,5.11
10/18/2023,5.2,5
10/17/2023,5.14,4.94
10/16/2023,5.06,4.87
10/13/2023,4.97,4.78
10/12/2023,5.05,4.86
10/11/2023,4.92,4.73
10/10/2023,5.03,4.85
10/6/2023,5.13,4.95
10/5/2023,5.06,4.89
10/4/2023,5.05,4.87
10/3/2023,5.13,4.95
10/2/2023,5,4.81
9/29/2023,4.92,4.73
9/28/2023,4.9,4.71
9/27/2023,4.91,4.73
9/26/2023,4.86,4.7
9/25/2023,4.84,4.67
9/22/2023,4.7,4.53
9/21/2023,4.74,4.56
9/20/2023,4.57,4.4
9/19/2023,4.6,4.43
9/18/2023,4.57,4.4
9/15/2023,4.59,4.42
9/14/2023,4.57,4.39
9/13/2023,4.52,4.34
9/12/2023,4.54,4.35
9/11/2023,4.56,4.37
9/8/2023,4.52,4.33
9/7/2023,4.55,4.36
9/6/2023,4.56,4.37
9/5/2023,4.56,4.38
9/1/2023,4.48,4.29
8/31/2023,4.39,4.2
8/30/2023,4.42,4.23
8/29/2023,4.42,4.23
8/28/2023,4.48,4.29
8/25/2023,4.5,4.3
8/24/2023,4.49,4.3
8/23/2023,4.46,4.27
8/22/2023,4.61,4.42
8/21/2023,4.64,4.45
8/18/2023,4.55,4.38
8/17/2023,4.58,4.41
8/16/2023,4.55,4.38
8/15/2023,4.49,4.32
8/14/2023,4.46,4.29
8/11/2023,4.45,4.27
8/10/2023,4.41,4.24
8/9/2023,4.33,4.18
8/8/2023,4.35,4.2
8/7/2023,4.42,4.27
8/4/2023,4.36,4.21
8/3/2023,4.49,4.32
8/2/2023,4.35,4.17
8/1/2023,4.3,4.11
7/31/2023,4.22,4.02
7/28/2023,4.22,4.03
7/27/2023,4.26,4.06
7/26/2023,4.12,3.94
7/25/2023,4.14,3.95
7/24/2023,4.11,3.92
7/21/2023,4.1,3.91
7/20/2023,4.1,3.91
7/19/2023,4.01,3.84
7/18/2023,4.08,3.91
7/17/2023,4.1,3.94
7/14/2023,4.11,3.93
7/13/2023,4.07,3.9
7/12/2023,4.14,3.96
7/11/2023,4.22,4.03
7/10/2023,4.24,4.05
7/7/2023,4.27,4.05
7/6/2023,4.23,4.01
7/5/2023,4.17,3.95
7/3/2023,4.08,3.87
6/30/2023,4.06,3.85
6/29/2023,4.11,3.92
6/28/2023,4,3.81
6/27/2023,4.03,3.84
6/26/2023,4.01,3.83
6/23/2023,4.01,3.82
6/22/2023,4.06,3.88
6/21/2023,3.99,3.81
6/20/2023,4.01,3.83
6/16/2023,4.05,3.86
6/15/2023,4.02,3.85
6/14/2023,4.09,3.9
6/13/2023,4.12,3.94
6/12/2023,4.04,3.87
6/9/2023,4.05,3.89
6/8/2023,4.05,3.89
6/7/2023,4.12,3.95
6/6/2023,4.02,3.87
6/5/2023,4.03,3.89
6/2/2023,4.03,3.88
6/1/2023,3.98,3.84
5/31/2023,4.01,3.85
5/30/2023,4.06,3.9
5/26/2023,4.13,3.96
5/25/2023,4.16,4.01
5/24/2023,4.1,3.97
5/23/2023,4.08,3.96
5/22/2023,4.09,3.97
5/19/2023,4.07,3.95
5/18/2023,4.02,3.91
5/17/2023,3.96,3.88
5/16/2023,3.96,3.87
5/15/2023,3.92,3.84
5/12/2023,3.87,3.78
5/11/2023,3.82,3.73
5/10/2023,3.88,3.8
5/9/2023,3.94,3.85
5/8/2023,3.92,3.84
5/5/2023,3.85,3.76
5/4/2023,3.8,3.73
5/3/2023,3.79,3.7
5/2/2023,3.82,3.72
5/1/2023,3.95,3.84
4/28/2023,3.8,3.67
4/27/2023,3.88,3.76
4/26/2023,3.81,3.7
4/25/2023,3.77,3.65
4/24/2023,3.85,3.73
4/21/2023,3.9,3.78
4/20/2023,3.87,3.75
4/19/2023,3.9,3.79
4/18/2023,3.91,3.79
4/17/2023,3.92,3.81
4/14/2023,3.85,3.74
4/13/2023,3.8,3.69
4/12/2023,3.75,3.64
4/11/2023,3.75,3.62
4/10/2023,3.74,3.62
4/7/2023,3.73,3.61
4/6/2023,3.66,3.54
4/5/2023,3.67,3.56
4/4/2023,3.72,3.6
4/3/2023,3.78,3.64
3/31/2023,3.81,3.67
3/30/2023,3.88,3.74
3/29/2023,3.91,3.78
3/28/2023,3.9,3.77
3/27/2023,3.9,3.77
3/24/2023,3.77,3.64
3/23/2023,3.78,3.66
3/22/2023,3.83,3.68
3/21/2023,3.9,3.73
3/20/2023,3.83,3.65
3/17/2023,3.76,3.6
3/16/2023,3.87,3.71
3/15/2023,3.82,3.7
3/14/2023,3.91,3.77
3/13/2023,3.85,3.7
3/10/2023,3.9,3.7
3/9/2023,4.09,3.88
3/8/2023,4.11,3.88
3/7/2023,4.11,3.88
3/6/2023,4.14,3.92
3/3/2023,4.12,3.9
3/2/2023,4.24,4.03
3/1/2023,4.17,3.97
2/28/2023,4.1,3.93
2/27/2023,4.11,3.93
2/24/2023,4.11,3.93
2/23/2023,4.04,3.88
2/22/2023,4.09,3.94
2/21/2023,4.12,3.98
2/17/2023,4.01,3.88
2/16/2023,4.05,3.92
2/15/2023,3.97,3.85
2/14/2023,3.94,3.81
2/13/2023,3.92,3.79
2/10/2023,3.96,3.83
2/9/2023,3.9,3.75
2/8/2023,3.86,3.7
2/7/2023,3.87,3.72
2/6/2023,3.82,3.67
2/3/2023,3.77,3.63
2/2/2023,3.67,3.55
2/1/2023,3.67,3.55
1/31/2023,3.78,3.65
1/30/2023,3.79,3.66
1/27/2023,3.77,3.64
1/26/2023,3.75,3.62
1/25/2023,3.74,3.62
1/24/2023,3.73,3.62
1/23/2023,3.8,3.69
1/20/2023,3.77,3.66
1/19/2023,3.69,3.57
1/18/2023,3.65,3.54
1/17/2023,3.81,3.64
1/13/2023,3.79,3.61
1/12/2023,3.73,3.56
1/11/2023,3.84,3.67
1/10/2023,3.91,3.74
1/9/2023,3.83,3.66
1/6/2023,3.84,3.67
1/5/2023,3.96,3.78
1/4/2023,3.97,3.81
1/3/2023,4.06,3.88
12/30/2022,4.14,3.97
12/29/2022,4.09,3.92
12/28/2022,4.13,3.98
12/27/2022,4.1,3.93
12/23/2022,3.99,3.82
12/22/2022,3.91,3.73
12/21/2022,3.93,3.74
12/20/2022,3.94,3.74
12/19/2022,3.82,3.62
12/16/2022,3.73,3.53
12/15/2022,3.69,3.48
12/14/2022,3.74,3.52
12/13/2022,3.74,3.53
12/12/2022,3.84,3.57
12/9/2022,3.82,3.56
12/8/2022,3.71,3.44
12/7/2022,3.66,3.42
12/6/2022,3.77,3.52
12/5/2022,3.84,3.62
12/2/2022,3.79,3.56
12/1/2022,3.85,3.64
11/30/2022,4,3.8
11/29/2022,4.02,3.81
11/28/2022,3.97,3.74
11/25/2022,3.97,3.74
11/23/2022,3.97,3.74
11/22/2022,4.05,3.83
11/21/2022,4.14,3.91
11/18/2022,4.13,3.92
11/17/2022,4.1,3.89
11/16/2022,4.03,3.85
11/15/2022,4.2,3.98
11/14/2022,4.28,4.07
11/10/2022,4.24,4.03
11/9/2022,4.5,4.31
11/8/2022,4.47,4.28
11/7/2022,4.55,4.34
11/4/2022,4.49,4.27
11/3/2022,4.42,4.18
11/2/2022,4.41,4.15
11/1/2022,4.37,4.14
10/31/2022,4.44,4.22
10/28/2022,4.38,4.15
10/27/2022,4.32,4.12
10/26/2022,4.38,4.19
10/25/2022,4.45,4.26
10/24/2022,4.59,4.4
10/21/2022,4.54,4.33
10/20/2022,4.47,4.24
10/19/2022,4.38,4.15
10/18/2022,4.27,4.04
10/17/2022,4.29,4.04
10/14/2022,4.26,3.99
10/13/2022,4.25,3.97
10/12/2022,4.18,3.9
10/11/2022,4.19,3.92
10/7/2022,4.13,3.86
10/6/2022,4.08,3.81
10/5/2022,4.05,3.78
10/4/2022,3.95,3.7
10/3/2022,4,3.73
9/30/2022,4.08,3.79
9/29/2022,4,3.71
9/28/2022,3.98,3.7
9/27/2022,4.15,3.87
9/26/2022,4.01,3.72
9/23/2022,3.87,3.61
9/22/2022,3.9,3.65
9/21/2022,3.73,3.5
9/20/2022,3.83,3.59
9/19/2022,3.77,3.52
9/16/2022,3.79,3.52
9/15/2022,3.75,3.48
9/14/2022,3.73,3.47
9/13/2022,3.75,3.51
9/12/2022,3.76,3.53
9/9/2022,3.71,3.47
9/8/2022,3.69,3.45
9/7/2022,3.67,3.42
9/6/2022,3.74,3.49
9/2/2022,3.61,3.35
9/1/2022,3.64,3.37
8/31/2022,3.53,3.27
8/30/2022,3.49,3.23
8/29/2022,3.5,3.25
8/26/2022,3.44,3.21
8/25/2022,3.47,3.25
8/24/2022,3.55,3.32
8/23/2022,3.49,3.26
8/22/2022,3.48,3.24
8/19/2022,3.44,3.22
8/18/2022,3.35,3.14
8/17/2022,3.37,3.15
8/16/2022,3.31,3.11
8/15/2022,3.31,3.1
8/12/2022,3.34,3.12
8/11/2022,3.38,3.15
8/10/2022,3.27,3.04
8/9/2022,3.24,3.01
8/8/2022,3.22,3
8/5/2022,3.27,3.06
8/4/2022,3.15,2.97
8/3/2022,3.17,2.96
8/2/2022,3.22,3
8/1/2022,3.12,2.92
7/29/2022,3.2,3
7/28/2022,3.23,3.02
7/27/2022,3.26,3.03
7/26/2022,3.27,3.03
7/25/2022,3.28,3.04
7/22/2022,3.23,3
7/21/2022,3.33,3.08
7/20/2022,3.43,3.17
7/19/2022,3.42,3.17
7/18/2022,3.39,3.14
7/15/2022,3.34,3.1
7/14/2022,3.36,3.11
7/13/2022,3.35,3.08
7/12/2022,3.37,3.13
7/11/2022,3.43,3.18
7/8/2022,3.53,3.27
7/7/2022,3.45,3.2
7/6/2022,3.42,3.14
7/5/2022,3.31,3.05
7/1/2022,3.35,3.11
6/30/2022,3.38,3.14
6/29/2022,3.46,3.22
6/28/2022,3.55,3.3
6/27/2022,3.56,3.31
6/24/2022,3.51,3.26
6/23/2022,3.45,3.21
6/22/2022,3.49,3.25
6/21/2022,3.63,3.39
6/17/2022,3.55,3.3
6/16/2022,3.59,3.35
6/15/2022,3.64,3.39
6/14/2022,3.72,3.45
6/13/2022,3.68,3.42
6/10/2022,3.45,3.2
6/9/2022,3.4,3.18
6/8/2022,3.4,3.18
6/7/2022,3.35,3.13
6/6/2022,3.41,3.19
6/3/2022,3.33,3.11
6/2/2022,3.3,3.09
6/1/2022,3.31,3.09
5/31/2022,3.28,3.07
5/27/2022,3.16,2.97
5/26/2022,3.18,2.99
5/25/2022,3.14,2.97
5/24/2022,3.16,2.98
5/23/2022,3.26,3.08
5/20/2022,3.17,2.99
5/19/2022,3.24,3.05
5/18/2022,3.24,3.07
5/17/2022,3.36,3.17
5/16/2022,3.3,3.09
5/13/2022,3.32,3.1
5/12/2022,3.22,3
5/11/2022,3.25,3.05
5/10/2022,3.31,3.12
5/9/2022,3.38,3.19
5/6/2022,3.43,3.23
5/5/2022,3.35,3.15
5/4/2022,3.21,3.01
5/3/2022,3.21,3.03
5/2/2022,3.26,3.07
4/29/2022,3.14,2.96
4/28/2022,3.1,2.92
4/27/2022,3.08,2.91
4/26/2022,3.03,2.86
4/25/2022,3.06,2.88
4/22/2022,3.14,2.95
4/21/2022,3.12,2.94
4/20/2022,3.08,2.9
4/19/2022,3.19,3.01
4/18/2022,3.12,2.95
4/14/2022,3.09,2.92
4/13/2022,2.97,2.81
4/12/2022,2.99,2.82
4/11/2022,3.02,2.84
4/8/2022,2.94,2.76
4/7/2022,2.87,2.69
4/6/2022,2.81,2.63
4/5/2022,2.74,2.57
4/4/2022,2.64,2.48
4/1/2022,2.6,2.44
3/31/2022,2.59,2.44
3/30/2022,2.63,2.48
3/29/2022,2.68,2.53
3/28/2022,2.72,2.57
3/25/2022,2.74,2.6
3/24/2022,2.63,2.51
3/23/2022,2.65,2.52
3/22/2022,2.71,2.6
3/21/2022,2.67,2.55
3/18/2022,2.53,2.42
3/17/2022,2.6,2.5
3/16/2022,2.56,2.46
3/15/2022,2.57,2.49
3/14/2022,2.56,2.47
3/11/2022,2.45,2.36
3/10/2022,2.45,2.38
3/9/2022,2.38,2.29
3/8/2022,2.34,2.24
3/7/2022,2.29,2.19
3/4/2022,2.23,2.16
3/3/2022,2.32,2.24
3/2/2022,2.32,2.24
3/1/2022,2.19,2.11
2/28/2022,2.25,2.17
2/25/2022,2.37,2.29
2/24/2022,2.36,2.28
2/23/2022,2.36,2.29
2/22/2022,2.31,2.24
2/18/2022,2.3,2.24
2/17/2022,2.35,2.31
2/16/2022,2.39,2.34
2/15/2022,2.42,2.37
2/14/2022,2.35,2.29
2/11/2022,2.3,2.24
2/10/2022,2.37,2.3
2/9/2022,2.31,2.25
2/8/2022,2.31,2.25
2/7/2022,2.28,2.22
2/4/2022,2.29,2.23
2/3/2022,2.2,2.14
2/2/2022,2.17,2.11
2/1/2022,2.19,2.12
1/31/2022,2.17,2.11
1/28/2022,2.14,2.07
1/27/2022,2.17,2.09
1/26/2022,2.22,2.16
1/25/2022,2.18,2.12
1/24/2022,2.15,2.1
1/21/2022,2.13,2.07
1/20/2022,2.19,2.14
1/19/2022,2.2,2.14
1/18/2022,2.24,2.18
1/14/2022,2.18,2.12
1/13/2022,2.1,2.05
1/12/2022,2.13,2.08
1/11/2022,2.13,2.08
1/10/2022,2.15,2.11
1/7/2022,2.15,2.11
1/6/2022,2.12,2.09
1/5/2022,2.12,2.09
1/4/2022,2.1,2.07
1/3/2022,2.05,2.01
